"Protocol","Percent Packets","Packets","Percent Bytes","Bytes","Bits/s","End Packets","End Bytes","End Bits/s","PDUs"
"Frame",100,183,100,187880,25011.030872371826,0,0,0,183
"Cisco HDLC",100,183,0.38961038961038963,732,97.4455748274227,0,0,0,183
"Internet Protocol Version 4",100,183,1.948051948051948,3660,487.22787413711353,0,0,0,183
"Internet Control Message Protocol",33.333333333333336,61,97.66233766233766,183488,24426.35742340729,61,183488,24426.35742340729,61
"Data",66.66666666666667,122,96.1038961038961,180560,24036.5751240976,122,180560,24036.5751240976,122

